,Method,Accuracy,Precision,Loss,Recall
0,Gradient Boost,0.6253414750099182,0.6520721912384033,0.6484914422035217,0.724470853805542
